routeId,routeName,routeDistanceMeters,sampleCount,cctvRadiusMeters,securityLightRadiusMeters,nearbyCctv,nearbySecurityLights,cctvCoveredSampleCount,securityLightCoveredSampleCount,combinedCoveredSampleCount,cctvCoveragePercent,securityLightCoveragePercent,combinedCoveragePercent
station-sangheo,건대입구역 2번 출구 → 상허문,202,12,50,20,2,0,4,0,4,33,0,33
station-sangheo,건대입구역 2번 출구 → 상허문,202,12,50,35,2,0,4,0,4,33,0,33
station-sangheo,건대입구역 2번 출구 → 상허문,202,12,50,50,2,0,4,0,4,33,0,33
station-sangheo,건대입구역 2번 출구 → 상허문,202,12,70,20,3,0,5,0,5,42,0,42
station-sangheo,건대입구역 2번 출구 → 상허문,202,12,70,35,3,0,5,0,5,42,0,42
station-sangheo,건대입구역 2번 출구 → 상허문,202,12,70,50,3,0,5,0,5,42,0,42
station-sangheo,건대입구역 2번 출구 → 상허문,202,12,100,20,4,0,6,0,6,50,0,50
station-sangheo,건대입구역 2번 출구 → 상허문,202,12,100,35,4,0,6,0,6,50,0,50
station-sangheo,건대입구역 2번 출구 → 상허문,202,12,100,50,4,0,6,0,6,50,0,50
station-geonguk,건대입구역 2번 출구 → 건국문,779,40,50,20,4,3,8,4,9,20,10,23
station-geonguk,건대입구역 2번 출구 → 건국문,779,40,50,35,4,6,8,6,10,20,15,25
station-geonguk,건대입구역 2번 출구 → 건국문,779,40,50,50,4,7,8,6,10,20,15,25
station-geonguk,건대입구역 2번 출구 → 건국문,779,40,70,20,8,3,13,4,13,33,10,33
station-geonguk,건대입구역 2번 출구 → 건국문,779,40,70,35,8,6,13,6,14,33,15,35
station-geonguk,건대입구역 2번 출구 → 건국문,779,40,70,50,8,7,13,6,14,33,15,35
station-geonguk,건대입구역 2번 출구 → 건국문,779,40,100,20,9,3,18,4,18,45,10,45
station-geonguk,건대입구역 2번 출구 → 건국문,779,40,100,35,9,6,18,6,18,45,15,45
station-geonguk,건대입구역 2번 출구 → 건국문,779,40,100,50,9,7,18,6,18,45,15,45
children-geonguk,어린이대공원역 3번 출구 → 건국문,277,15,50,20,4,7,12,8,13,80,53,87
children-geonguk,어린이대공원역 3번 출구 → 건국문,277,15,50,35,4,16,12,15,15,80,100,100
children-geonguk,어린이대공원역 3번 출구 → 건국문,277,15,50,50,4,18,12,15,15,80,100,100
children-geonguk,어린이대공원역 3번 출구 → 건국문,277,15,70,20,6,7,13,8,13,87,53,87
children-geonguk,어린이대공원역 3번 출구 → 건국문,277,15,70,35,6,16,13,15,15,87,100,100
children-geonguk,어린이대공원역 3번 출구 → 건국문,277,15,70,50,6,18,13,15,15,87,100,100
children-geonguk,어린이대공원역 3번 출구 → 건국문,277,15,100,20,8,7,15,8,15,100,53,100
children-geonguk,어린이대공원역 3번 출구 → 건국문,277,15,100,35,8,16,15,15,15,100,100,100
children-geonguk,어린이대공원역 3번 출구 → 건국문,277,15,100,50,8,18,15,15,15,100,100,100
food-sangheo,건대맛의거리 → 상허문,804,42,50,20,7,3,25,4,28,60,10,67
food-sangheo,건대맛의거리 → 상허문,804,42,50,35,7,4,25,9,30,60,21,71
food-sangheo,건대맛의거리 → 상허문,804,42,50,50,7,8,25,16,32,60,38,76
food-sangheo,건대맛의거리 → 상허문,804,42,70,20,9,3,34,4,35,81,10,83
food-sangheo,건대맛의거리 → 상허문,804,42,70,35,9,4,34,9,35,81,21,83
food-sangheo,건대맛의거리 → 상허문,804,42,70,50,9,8,34,16,35,81,38,83
food-sangheo,건대맛의거리 → 상허문,804,42,100,20,13,3,37,4,37,88,10,88
food-sangheo,건대맛의거리 → 상허문,804,42,100,35,13,4,37,9,37,88,21,88
food-sangheo,건대맛의거리 → 상허문,804,42,100,50,13,8,37,16,37,88,38,88
ilgam-geonguk,일감문 → 건국문,720,38,50,20,1,1,4,0,4,11,0,11
ilgam-geonguk,일감문 → 건국문,720,38,50,35,1,3,4,5,5,11,13,13
ilgam-geonguk,일감문 → 건국문,720,38,50,50,1,6,4,5,5,11,13,13
ilgam-geonguk,일감문 → 건국문,720,38,70,20,4,1,7,0,7,18,0,18
ilgam-geonguk,일감문 → 건국문,720,38,70,35,4,3,7,5,7,18,13,18
ilgam-geonguk,일감문 → 건국문,720,38,70,50,4,6,7,5,7,18,13,18
ilgam-geonguk,일감문 → 건국문,720,38,100,20,6,1,14,0,14,37,0,37
ilgam-geonguk,일감문 → 건국문,720,38,100,35,6,3,14,5,14,37,13,37
ilgam-geonguk,일감문 → 건국문,720,38,100,50,6,6,14,5,14,37,13,37
